"id","actual_setlist_id","title","duration","position","song_type","notes","created_at"
"1","1","11111",NULL,"1","MAIN",NULL,"2025-02-21 19:47:13"
"2","1","22222",NULL,"2","MAIN",NULL,"2025-02-21 19:47:13"
"3","1","33333",NULL,"3","MAIN",NULL,"2025-02-21 19:47:13"
"4","1","44444",NULL,"4","MAIN",NULL,"2025-02-21 19:47:13"
"5","1","55555",NULL,"5","MAIN",NULL,"2025-02-21 19:47:13"
"6","2","aaa",NULL,"1","MAIN",NULL,"2025-02-22 22:06:52"
"7","2","bbb",NULL,"2","MAIN",NULL,"2025-02-22 22:06:52"
"8","2","ccc",NULL,"3","MAIN",NULL,"2025-02-22 22:06:52"
"9","2","ddd",NULL,"4","MAIN",NULL,"2025-02-22 22:06:52"
"10","2","eee",NULL,"5","MAIN",NULL,"2025-02-22 22:06:52"
"11","2","fff",NULL,"6","MAIN",NULL,"2025-02-22 22:06:52"
