"id","title","artist_id","venue_id","date","open_time","start_time","doors_open","capacity","status","description","setlist","image_url","created_at","updated_at"
"11","BE:FIRST 2nd Fan Meeting -Hello My ”BESTY” vol.2-","8","8","2025-11-02","17:00:00","18:00:00",NULL,NULL,"upcoming",,"11111
22222
33333
44444
55555",NULL,"2025-02-21 00:28:32","2025-02-21 19:47:13"
"13","HANA デビュー直前イベント 昼","10","10","2025-03-23","14:00:00","15:00:00",NULL,NULL,"upcoming",,"aaa
bbb
ccc
ddd
eee
fff",NULL,"2025-02-21 19:51:00","2025-02-22 22:06:52"
